time_sec,left_motor,right_motor,forward,backward,left_turn,right_turn,serial_command
0.0007,0,0,0,0,0,0,L0 R0
0.0622,0,0,0,0,0,0,L0 R0
0.1115,0,0,0,0,0,0,L0 R0
0.1618,0,0,0,0,0,0,L0 R0
0.2121,0,0,0,0,0,0,L0 R0
0.2615,0,0,0,0,0,0,L0 R0
0.3115,0,0,0,0,0,0,L0 R0
0.3622,0,0,0,0,0,0,L0 R0
0.4122,0,0,0,0,0,0,L0 R0
0.4619,0,0,0,0,0,0,L0 R0
0.5117,0,0,0,0,0,0,L0 R0
0.5614,0,0,0,0,0,0,L0 R0
0.6122,0,0,0,0,0,0,L0 R0
0.6621,0,0,0,0,0,0,L0 R0
0.7115,0,0,0,0,0,0,L0 R0
0.7623,0,0,0,0,0,0,L0 R0
0.8122,0,0,0,0,0,0,L0 R0
0.8622,0,0,0,0,0,0,L0 R0
0.912,0,0,0,0,0,0,L0 R0
0.9619,0,0,0,0,0,0,L0 R0
1.0118,0,0,0,0,0,0,L0 R0
1.0617,0,0,0,0,0,0,L0 R0
1.1124,0,0,0,0,0,0,L0 R0
1.1626,0,0,0,0,0,0,L0 R0
1.213,0,0,0,0,0,0,L0 R0
1.2618,0,0,0,0,0,0,L0 R0
1.3123,0,0,0,0,0,0,L0 R0
1.3617,0,0,0,0,0,0,L0 R0
1.412,0,0,0,0,0,0,L0 R0
1.462,0,0,0,0,0,0,L0 R0
1.5121,0,0,0,0,0,0,L0 R0
1.5623,0,0,0,0,0,0,L0 R0
1.6124,0,0,0,0,0,0,L0 R0
1.6624,0,0,0,0,0,0,L0 R0
1.7133,0,0,0,0,0,0,L0 R0
1.764,0,0,0,0,0,0,L0 R0
1.8138,0,0,0,0,0,0,L0 R0
1.8636,0,0,0,0,0,0,L0 R0
1.9133,0,0,0,0,0,0,L0 R0
1.9642,0,0,0,0,0,0,L0 R0
2.014,0,0,0,0,0,0,L0 R0
2.0637,0,0,0,0,0,0,L0 R0
2.1135,0,0,0,0,0,0,L0 R0
2.1641,0,0,0,0,0,0,L0 R0
2.2144,0,0,0,0,0,0,L0 R0
2.2646,0,0,0,0,0,0,L0 R0
2.3151,0,0,0,0,0,0,L0 R0
2.3647,0,0,0,0,0,0,L0 R0
2.4151,0,0,0,0,0,0,L0 R0
2.4645,0,0,0,0,0,0,L0 R0
2.5152,0,0,0,0,0,0,L0 R0
2.5646,0,0,0,0,0,0,L0 R0
2.6142,0,0,0,0,0,0,L0 R0
2.6638,0,0,0,0,0,0,L0 R0
2.7142,0,0,0,0,0,0,L0 R0
2.7638,0,0,0,0,0,0,L0 R0
2.8137,0,0,0,0,0,0,L0 R0
2.8637,0,0,0,0,0,0,L0 R0
2.9144,0,0,0,0,0,0,L0 R0
2.9649,0,0,0,0,0,0,L0 R0
3.0155,0,0,0,0,0,0,L0 R0
3.0657,0,0,0,0,0,0,L0 R0
3.1159,0,0,0,0,0,0,L0 R0
3.1663,0,0,0,0,0,0,L0 R0
3.2168,0,0,0,0,0,0,L0 R0
3.267,0,0,0,0,0,0,L0 R0
3.3165,0,0,0,0,0,0,L0 R0
3.3669,0,0,0,0,0,0,L0 R0
3.4172,0,0,0,0,0,0,L0 R0
3.4665,0,0,0,0,0,0,L0 R0
3.5168,0,0,0,0,0,0,L0 R0
3.5672,0,0,0,0,0,0,L0 R0
3.6157,0,0,0,0,0,0,L0 R0
3.6663,0,0,0,0,0,0,L0 R0
3.7156,0,0,0,0,0,0,L0 R0
3.766,0,0,0,0,0,0,L0 R0
3.8162,0,0,0,0,0,0,L0 R0
3.8665,0,0,0,0,0,0,L0 R0
3.9167,0,0,0,0,0,0,L0 R0
3.9671,0,0,0,0,0,0,L0 R0
4.0166,0,0,0,0,0,0,L0 R0
4.0673,0,0,0,0,0,0,L0 R0
4.1164,0,0,0,0,0,0,L0 R0
4.1667,0,0,0,0,0,0,L0 R0
4.2173,0,0,0,0,0,0,L0 R0
4.2679,0,0,0,0,0,0,L0 R0
4.3181,0,0,0,0,0,0,L0 R0
4.3675,0,0,0,0,0,0,L0 R0
4.4179,0,0,0,0,0,0,L0 R0
4.4674,0,0,0,0,0,0,L0 R0
4.5177,0,0,0,0,0,0,L0 R0
4.568,0,0,0,0,0,0,L0 R0
4.6174,0,0,0,0,0,0,L0 R0
4.668,0,0,0,0,0,0,L0 R0
4.7174,0,0,0,0,0,0,L0 R0
4.7678,0,0,0,0,0,0,L0 R0
4.8178,0,0,0,0,0,0,L0 R0
4.8683,0,0,0,0,0,0,L0 R0
4.9189,0,0,0,0,0,0,L0 R0
4.9693,0,0,0,0,0,0,L0 R0
5.0194,0,0,0,0,0,0,L0 R0
5.0699,0,0,0,0,0,0,L0 R0
5.1202,0,0,0,0,0,0,L0 R0
5.1695,0,0,0,0,0,0,L0 R0
5.2197,0,0,0,0,0,0,L0 R0
5.2701,0,0,0,0,0,0,L0 R0
5.3198,0,0,0,0,0,0,L0 R0
5.3701,0,0,0,0,0,0,L0 R0
5.4196,0,0,0,0,0,0,L0 R0
5.4701,0,0,0,0,0,0,L0 R0
5.5196,0,0,0,0,0,0,L0 R0
5.5701,0,0,0,0,0,0,L0 R0
5.6192,0,0,0,0,0,0,L0 R0
5.6699,0,0,0,0,0,0,L0 R0
5.7193,0,0,0,0,0,0,L0 R0
5.7699,0,0,0,0,0,0,L0 R0
5.82,0,0,0,0,0,0,L0 R0
5.8693,0,0,0,0,0,0,L0 R0
5.9197,0,0,0,0,0,0,L0 R0
5.9701,0,0,0,0,0,0,L0 R0
6.0197,0,0,0,0,0,0,L0 R0
6.0699,0,0,0,0,0,0,L0 R0
6.1201,0,0,0,0,0,0,L0 R0
6.1697,0,0,0,0,0,0,L0 R0
6.2204,0,0,0,0,0,0,L0 R0
6.2706,0,0,0,0,0,0,L0 R0
6.3209,0,0,0,0,0,0,L0 R0
6.371,0,0,0,0,0,0,L0 R0
6.4216,0,0,0,0,0,0,L0 R0
6.4708,0,0,0,0,0,0,L0 R0
6.521,0,0,0,0,0,0,L0 R0
6.5712,0,0,0,0,0,0,L0 R0
6.6202,0,0,0,0,0,0,L0 R0
6.671,0,0,0,0,0,0,L0 R0
6.7218,0,0,0,0,0,0,L0 R0
6.7717,0,0,0,0,0,0,L0 R0
6.8216,0,0,0,0,0,0,L0 R0
6.8715,0,0,0,0,0,0,L0 R0
6.9213,0,0,0,0,0,0,L0 R0
6.9712,0,0,0,0,0,0,L0 R0
7.022,0,0,0,0,0,0,L0 R0
7.0728,0,0,0,0,0,0,L0 R0
7.1226,0,0,0,0,0,0,L0 R0
7.1723,0,0,0,0,0,0,L0 R0
7.2229,0,0,0,0,0,0,L0 R0
7.2726,0,0,0,0,0,0,L0 R0
7.3224,0,0,0,0,0,0,L0 R0
7.3723,0,0,0,0,0,0,L0 R0
7.4229,0,0,0,0,0,0,L0 R0
7.4729,0,0,0,0,0,0,L0 R0
7.5224,0,0,0,0,0,0,L0 R0
7.5727,0,0,0,0,0,0,L0 R0
7.6223,0,0,0,0,0,0,L0 R0
7.6725,0,0,0,0,0,0,L0 R0
7.7224,0,0,0,0,0,0,L0 R0
7.7721,0,0,0,0,0,0,L0 R0
7.8227,0,0,0,0,0,0,L0 R0
7.8725,0,0,0,0,0,0,L0 R0
7.9224,0,0,0,0,0,0,L0 R0
7.9727,0,0,0,0,0,0,L0 R0
8.0225,0,0,0,0,0,0,L0 R0
8.0727,0,0,0,0,0,0,L0 R0
8.1227,0,0,0,0,0,0,L0 R0
8.1727,0,0,0,0,0,0,L0 R0
8.2223,0,0,0,0,0,0,L0 R0
8.2723,0,0,0,0,0,0,L0 R0
8.3221,0,0,0,0,0,0,L0 R0
8.373,0,0,0,0,0,0,L0 R0
8.4226,0,0,0,0,0,0,L0 R0
8.4726,0,0,0,0,0,0,L0 R0
8.5226,0,0,0,0,0,0,L0 R0
8.5725,0,0,0,0,0,0,L0 R0
8.6221,0,0,0,0,0,0,L0 R0
8.6722,0,0,0,0,0,0,L0 R0
8.722,0,0,0,0,0,0,L0 R0
8.7729,0,0,0,0,0,0,L0 R0
8.8225,0,0,0,0,0,0,L0 R0
8.8723,0,0,0,0,0,0,L0 R0
8.922,0,0,0,0,0,0,L0 R0
8.973,0,0,0,0,0,0,L0 R0
9.0239,0,0,0,0,0,0,L0 R0
9.0735,0,0,0,0,0,0,L0 R0
9.1233,0,0,0,0,0,0,L0 R0
9.1732,0,0,0,0,0,0,L0 R0
9.2231,0,0,0,0,0,0,L0 R0
9.2739,0,0,0,0,0,0,L0 R0
9.3248,0,0,0,0,0,0,L0 R0
9.3746,0,0,0,0,0,0,L0 R0
9.4245,0,0,0,0,0,0,L0 R0
9.4747,0,0,0,0,0,0,L0 R0
9.5246,0,0,0,0,0,0,L0 R0
9.5745,0,0,0,0,0,0,L0 R0
9.6245,0,0,0,0,0,0,L0 R0
9.6743,0,0,0,0,0,0,L0 R0
9.7242,0,0,0,0,0,0,L0 R0
9.7741,0,0,0,0,0,0,L0 R0
9.8239,0,0,0,0,0,0,L0 R0
9.8747,0,0,0,0,0,0,L0 R0
9.9245,0,0,0,0,0,0,L0 R0
9.9741,0,0,0,0,0,0,L0 R0
10.024,0,0,0,0,0,0,L0 R0
10.0746,0,0,0,0,0,0,L0 R0
10.1242,0,0,0,0,0,0,L0 R0
10.174,0,0,0,0,0,0,L0 R0
10.2246,0,0,0,0,0,0,L0 R0
10.2742,0,0,0,0,0,0,L0 R0
10.3241,0,0,0,0,0,0,L0 R0
10.3749,0,0,0,0,0,0,L0 R0
10.4257,0,0,0,0,0,0,L0 R0
10.4753,0,0,0,0,0,0,L0 R0
10.5251,0,0,0,0,0,0,L0 R0
10.575,0,0,0,0,0,0,L0 R0
10.6257,0,0,0,0,0,0,L0 R0
10.6757,0,0,0,0,0,0,L0 R0
10.7251,0,0,0,0,0,0,L0 R0
10.7756,0,0,0,0,0,0,L0 R0
10.8251,0,0,0,0,0,0,L0 R0
10.8757,0,0,0,0,0,0,L0 R0
10.9257,0,0,0,0,0,0,L0 R0
10.9756,0,0,0,0,0,0,L0 R0
11.0255,0,0,0,0,0,0,L0 R0
11.0755,0,0,0,0,0,0,L0 R0
11.1251,0,0,0,0,0,0,L0 R0
11.1751,0,0,0,0,0,0,L0 R0
11.2248,0,0,0,0,0,0,L0 R0
11.2756,0,0,0,0,0,0,L0 R0
11.3257,0,0,0,0,0,0,L0 R0
11.375,0,0,0,0,0,0,L0 R0
11.4258,0,0,0,0,0,0,L0 R0
11.4768,0,0,0,0,0,0,L0 R0
11.5263,0,0,0,0,0,0,L0 R0
11.5761,0,0,0,0,0,0,L0 R0
11.6265,0,0,0,0,0,0,L0 R0
11.6762,0,0,0,0,0,0,L0 R0
11.7265,0,0,0,0,0,0,L0 R0
11.7761,0,0,0,0,0,0,L0 R0
11.8266,0,0,0,0,0,0,L0 R0
11.8761,0,0,0,0,0,0,L0 R0
11.9263,0,0,0,0,0,0,L0 R0
11.9769,0,0,0,0,0,0,L0 R0
12.0273,0,0,0,0,0,0,L0 R0
12.0776,0,0,0,0,0,0,L0 R0
12.1275,0,0,0,0,0,0,L0 R0
12.1774,0,0,0,0,0,0,L0 R0
12.2273,0,0,0,0,0,0,L0 R0
12.2772,0,0,0,0,0,0,L0 R0
12.3277,0,0,0,0,0,0,L0 R0
12.377,0,0,0,0,0,0,L0 R0
12.4276,0,0,0,0,0,0,L0 R0
12.4776,0,0,0,0,0,0,L0 R0
12.5275,0,0,0,0,0,0,L0 R0
12.577,0,0,0,0,0,0,L0 R0
12.6274,0,0,0,0,0,0,L0 R0
12.677,0,0,0,0,0,0,L0 R0
12.7277,0,0,0,0,0,0,L0 R0
12.7773,0,0,0,0,0,0,L0 R0
12.8269,0,0,0,0,0,0,L0 R0
12.8774,0,0,0,0,0,0,L0 R0
12.9278,0,0,0,0,0,0,L0 R0
12.9785,0,0,0,0,0,0,L0 R0
13.0282,0,0,0,0,0,0,L0 R0
13.0783,0,0,0,0,0,0,L0 R0
13.1281,0,0,0,0,0,0,L0 R0
13.1788,0,0,0,0,0,0,L0 R0
13.2293,0,0,0,0,0,0,L0 R0
13.2798,0,0,0,0,0,0,L0 R0
13.33,0,0,0,0,0,0,L0 R0
13.3806,0,0,0,0,0,0,L0 R0
13.4302,0,0,0,0,0,0,L0 R0
13.48,0,0,0,0,0,0,L0 R0
13.5307,0,0,0,0,0,0,L0 R0
13.5808,0,0,0,0,0,0,L0 R0
13.6316,0,0,0,0,0,0,L0 R0
13.6818,0,0,0,0,0,0,L0 R0
13.7319,0,0,0,0,0,0,L0 R0
13.7821,0,0,0,0,0,0,L0 R0
13.8322,0,0,0,0,0,0,L0 R0
13.8823,0,0,0,0,0,0,L0 R0
13.9327,0,0,0,0,0,0,L0 R0
13.982,0,0,0,0,0,0,L0 R0
14.0324,0,0,0,0,0,0,L0 R0
14.0823,0,0,0,0,0,0,L0 R0
14.1322,0,0,0,0,0,0,L0 R0
14.182,0,0,0,0,0,0,L0 R0
14.2321,0,0,0,0,0,0,L0 R0
14.2818,0,0,0,0,0,0,L0 R0
14.3326,0,0,0,0,0,0,L0 R0
14.3821,0,0,0,0,0,0,L0 R0
14.4326,0,0,0,0,0,0,L0 R0
14.4822,0,0,0,0,0,0,L0 R0
14.5327,0,0,0,0,0,0,L0 R0
14.5818,0,0,0,0,0,0,L0 R0
14.6318,0,0,0,0,0,0,L0 R0
14.6823,0,0,0,0,0,0,L0 R0
14.7319,0,0,0,0,0,0,L0 R0
14.7827,0,0,0,0,0,0,L0 R0
14.8331,0,0,0,0,0,0,L0 R0
14.8835,0,0,0,0,0,0,L0 R0
14.9328,0,0,0,0,0,0,L0 R0
14.9836,0,0,0,0,0,0,L0 R0
15.033,0,0,0,0,0,0,L0 R0
15.0828,0,0,0,0,0,0,L0 R0
15.1334,0,0,0,0,0,0,L0 R0
15.183,0,0,0,0,0,0,L0 R0
15.2336,0,0,0,0,0,0,L0 R0
15.2834,0,0,0,0,0,0,L0 R0
15.3335,0,0,0,0,0,0,L0 R0
15.3828,0,0,0,0,0,0,L0 R0
15.4329,0,0,0,0,0,0,L0 R0
15.4837,0,0,0,0,0,0,L0 R0
15.5346,0,0,0,0,0,0,L0 R0
15.5846,0,0,0,0,0,0,L0 R0
15.634,0,0,0,0,0,0,L0 R0
15.6846,0,0,0,0,0,0,L0 R0
15.7338,0,0,0,0,0,0,L0 R0
15.7846,0,0,0,0,0,0,L0 R0
15.8356,0,0,0,0,0,0,L0 R0
15.8864,0,0,0,0,0,0,L0 R0
15.936,0,0,0,0,0,0,L0 R0
15.9867,0,0,0,0,0,0,L0 R0
16.0359,0,0,0,0,0,0,L0 R0
16.0865,0,0,0,0,0,0,L0 R0
16.1365,0,0,0,0,0,0,L0 R0
16.1863,0,0,0,0,0,0,L0 R0
16.2358,0,0,0,0,0,0,L0 R0
16.2864,0,0,0,0,0,0,L0 R0
16.3359,0,0,0,0,0,0,L0 R0
16.3865,0,0,0,0,0,0,L0 R0
16.4362,0,0,0,0,0,0,L0 R0
16.4867,0,0,0,0,0,0,L0 R0
16.5371,0,0,0,0,0,0,L0 R0
16.5869,0,0,0,0,0,0,L0 R0
16.6378,0,0,0,0,0,0,L0 R0
16.6875,0,0,0,0,0,0,L0 R0
16.7379,0,0,0,0,0,0,L0 R0
16.7901,0,0,0,0,0,0,L0 R0
16.84,0,0,0,0,0,0,L0 R0
16.89,0,0,0,0,0,0,L0 R0
16.9399,0,0,0,0,0,0,L0 R0
16.9905,0,0,0,0,0,0,L0 R0
17.0414,0,0,0,0,0,0,L0 R0
17.0909,0,0,0,0,0,0,L0 R0
17.1406,0,0,0,0,0,0,L0 R0
17.1912,0,0,0,0,0,0,L0 R0
17.2413,0,0,0,0,0,0,L0 R0
17.2913,0,0,0,0,0,0,L0 R0
17.3412,0,0,0,0,0,0,L0 R0
17.3913,0,0,0,0,0,0,L0 R0
17.4413,0,0,0,0,0,0,L0 R0
17.4912,0,0,0,0,0,0,L0 R0
17.541,0,0,0,0,0,0,L0 R0
17.5909,0,0,0,0,0,0,L0 R0
17.6408,0,0,0,0,0,0,L0 R0
17.6906,0,0,0,0,0,0,L0 R0
17.7406,0,0,0,0,0,0,L0 R0
17.7913,0,0,0,0,0,0,L0 R0
17.8414,0,0,0,0,0,0,L0 R0
17.8912,0,0,0,0,0,0,L0 R0
17.941,0,0,0,0,0,0,L0 R0
17.9909,0,0,0,0,0,0,L0 R0
18.0408,0,0,0,0,0,0,L0 R0
18.0907,0,0,0,0,0,0,L0 R0
18.1413,0,0,0,0,0,0,L0 R0
18.1905,0,0,0,0,0,0,L0 R0
18.2405,0,0,0,0,0,0,L0 R0
18.2904,0,0,0,0,0,0,L0 R0
18.3413,0,0,0,0,0,0,L0 R0
18.3905,0,0,0,0,0,0,L0 R0
18.4405,0,0,0,0,0,0,L0 R0
18.4914,0,0,0,0,0,0,L0 R0
18.5423,0,0,0,0,0,0,L0 R0
18.5922,0,0,0,0,0,0,L0 R0
18.6421,0,0,0,0,0,0,L0 R0
18.6921,0,0,0,0,0,0,L0 R0
18.742,0,0,0,0,0,0,L0 R0
18.7919,0,0,0,0,0,0,L0 R0
18.8419,0,0,0,0,0,0,L0 R0
18.8917,0,0,0,0,0,0,L0 R0
18.9414,0,0,0,0,0,0,L0 R0
18.9924,0,0,0,0,0,0,L0 R0
19.0432,0,0,0,0,0,0,L0 R0
19.0931,0,0,0,0,0,0,L0 R0
19.1432,0,0,0,0,0,0,L0 R0
19.1933,0,0,0,0,0,0,L0 R0
19.2444,0,0,0,0,0,0,L0 R0
19.2953,0,0,0,0,0,0,L0 R0
19.3452,0,0,0,0,0,0,L0 R0
19.3951,0,0,0,0,0,0,L0 R0
19.4449,0,0,0,0,0,0,L0 R0
19.4958,0,0,0,0,0,0,L0 R0
19.5456,0,0,0,0,0,0,L0 R0
19.5955,0,0,0,0,0,0,L0 R0
19.6454,0,0,0,0,0,0,L0 R0
19.6964,0,0,0,0,0,0,L0 R0
19.7471,0,0,0,0,0,0,L0 R0
19.797,0,0,0,0,0,0,L0 R0
19.8468,0,0,0,0,0,0,L0 R0
19.8968,0,0,0,0,0,0,L0 R0
20.969,0,0,0,0,0,0,L0 R0
22.5859,0,0,0,0,0,0,L0 R0
24.2013,0,0,0,0,0,0,L0 R0
25.8175,0,0,0,0,0,0,L0 R0
27.4336,0,0,0,0,0,0,L0 R0
29.0499,0,0,0,0,0,0,L0 R0
30.6661,0,0,0,0,0,0,L0 R0
32.2822,0,0,0,0,0,0,L0 R0
33.8984,0,0,0,0,0,0,L0 R0
35.5145,0,0,0,0,0,0,L0 R0
37.1307,0,0,0,0,0,0,L0 R0
38.7468,0,0,0,0,0,0,L0 R0
40.363,0,0,0,0,0,0,L0 R0
41.9792,0,0,0,0,0,0,L0 R0
43.5953,0,0,0,0,0,0,L0 R0
45.2114,0,0,0,0,0,0,L0 R0
46.8276,0,0,0,0,0,0,L0 R0
48.4437,0,0,0,0,0,0,L0 R0
50.0599,0,0,0,0,0,0,L0 R0
51.676,0,0,0,0,0,0,L0 R0
53.2922,0,0,0,0,0,0,L0 R0
54.9084,0,0,0,0,0,0,L0 R0
56.5245,0,0,0,0,0,0,L0 R0
58.1408,0,0,0,0,0,0,L0 R0
59.7568,0,0,0,0,0,0,L0 R0
61.3729,0,0,0,0,0,0,L0 R0
62.9891,0,0,0,0,0,0,L0 R0
64.6053,0,0,0,0,0,0,L0 R0
66.2215,0,0,0,0,0,0,L0 R0
67.8376,0,0,0,0,0,0,L0 R0
69.4538,0,0,0,0,0,0,L0 R0
71.07,0,0,0,0,0,0,L0 R0
72.6861,0,0,0,0,0,0,L0 R0
74.3023,0,0,0,0,0,0,L0 R0
75.9185,0,0,0,0,0,0,L0 R0
77.5346,0,0,0,0,0,0,L0 R0
79.1508,0,0,0,0,0,0,L0 R0
80.7669,0,0,0,0,0,0,L0 R0
82.3831,0,0,0,0,0,0,L0 R0
83.9992,0,0,0,0,0,0,L0 R0
85.6157,0,0,0,0,0,0,L0 R0
87.2316,0,0,0,0,0,0,L0 R0
88.8477,0,0,0,0,0,0,L0 R0
90.4639,0,0,0,0,0,0,L0 R0
92.08,0,0,0,0,0,0,L0 R0
93.6962,0,0,0,0,0,0,L0 R0
95.3124,0,0,0,0,0,0,L0 R0
96.9286,0,0,0,0,0,0,L0 R0
98.5447,0,0,0,0,0,0,L0 R0
100.1608,0,0,0,0,0,0,L0 R0
101.777,0,0,0,0,0,0,L0 R0
103.3932,0,0,0,0,0,0,L0 R0
105.0094,0,0,0,0,0,0,L0 R0
106.6256,0,0,0,0,0,0,L0 R0
108.2418,0,0,0,0,0,0,L0 R0
109.8579,0,0,0,0,0,0,L0 R0
111.4741,0,0,0,0,0,0,L0 R0
113.0902,0,0,0,0,0,0,L0 R0
114.7064,0,0,0,0,0,0,L0 R0
116.3226,0,0,0,0,0,0,L0 R0
117.9387,0,0,0,0,0,0,L0 R0
119.5549,0,0,0,0,0,0,L0 R0
121.1711,0,0,0,0,0,0,L0 R0
122.7872,0,0,0,0,0,0,L0 R0
124.4035,0,0,0,0,0,0,L0 R0
126.0196,0,0,0,0,0,0,L0 R0
127.6357,0,0,0,0,0,0,L0 R0
129.2519,0,0,0,0,0,0,L0 R0
130.8681,0,0,0,0,0,0,L0 R0
132.4843,0,0,0,0,0,0,L0 R0
134.1005,0,0,0,0,0,0,L0 R0
135.7167,0,0,0,0,0,0,L0 R0
137.3328,0,0,0,0,0,0,L0 R0
138.9489,0,0,0,0,0,0,L0 R0
140.5651,0,0,0,0,0,0,L0 R0
142.1813,0,0,0,0,0,0,L0 R0
143.7975,0,0,0,0,0,0,L0 R0
145.4136,0,0,0,0,0,0,L0 R0
147.0299,0,0,0,0,0,0,L0 R0
148.646,0,0,0,0,0,0,L0 R0
150.2622,0,0,0,0,0,0,L0 R0
151.8783,0,0,0,0,0,0,L0 R0
153.4945,0,0,0,0,0,0,L0 R0
154.9267,0,0,0,0,0,0,L0 R0
154.9412,0,0,0,0,0,0,L0 R0
155.0155,0,0,0,0,0,0,L0 R0
155.0422,0,0,0,0,0,0,L0 R0
155.1105,0,0,0,0,0,0,L0 R0
155.146,0,0,0,0,0,0,L0 R0
156.7267,0,0,0,0,0,0,L0 R0
158.3428,0,0,0,0,0,0,L0 R0
159.959,0,0,0,0,0,0,L0 R0
161.5753,0,0,0,0,0,0,L0 R0
163.1914,0,0,0,0,0,0,L0 R0
164.8076,0,0,0,0,0,0,L0 R0
166.4242,0,0,0,0,0,0,L0 R0
168.0399,0,0,0,0,0,0,L0 R0
169.6561,0,0,0,0,0,0,L0 R0
171.2723,0,0,0,0,0,0,L0 R0
172.8885,0,0,0,0,0,0,L0 R0
174.5047,0,0,0,0,0,0,L0 R0
176.1208,0,0,0,0,0,0,L0 R0
177.737,0,0,0,0,0,0,L0 R0
179.3532,0,0,0,0,0,0,L0 R0
180.9694,0,0,0,0,0,0,L0 R0
182.5855,0,0,0,0,0,0,L0 R0
184.2018,0,0,0,0,0,0,L0 R0
185.8179,0,0,0,0,0,0,L0 R0
187.4341,0,0,0,0,0,0,L0 R0
189.0503,0,0,0,0,0,0,L0 R0
190.6664,0,0,0,0,0,0,L0 R0
192.2826,0,0,0,0,0,0,L0 R0
193.8988,0,0,0,0,0,0,L0 R0
195.515,0,0,0,0,0,0,L0 R0
197.1311,0,0,0,0,0,0,L0 R0
198.7473,0,0,0,0,0,0,L0 R0
200.3634,0,0,0,0,0,0,L0 R0
201.9796,0,0,0,0,0,0,L0 R0
203.5958,0,0,0,0,0,0,L0 R0
205.212,0,0,0,0,0,0,L0 R0
206.8282,0,0,0,0,0,0,L0 R0
208.4443,0,0,0,0,0,0,L0 R0
210.0606,0,0,0,0,0,0,L0 R0
211.6768,0,0,0,0,0,0,L0 R0
213.293,0,0,0,0,0,0,L0 R0
214.9091,0,0,0,0,0,0,L0 R0
216.5252,0,0,0,0,0,0,L0 R0
218.1415,0,0,0,0,0,0,L0 R0
219.7576,0,0,0,0,0,0,L0 R0
221.3739,0,0,0,0,0,0,L0 R0
222.99,0,0,0,0,0,0,L0 R0
224.6062,0,0,0,0,0,0,L0 R0
226.2224,0,0,0,0,0,0,L0 R0
227.8386,0,0,0,0,0,0,L0 R0
229.4548,0,0,0,0,0,0,L0 R0
231.0709,0,0,0,0,0,0,L0 R0
232.6871,0,0,0,0,0,0,L0 R0
234.3033,0,0,0,0,0,0,L0 R0
235.9195,0,0,0,0,0,0,L0 R0
237.5357,0,0,0,0,0,0,L0 R0
239.1518,0,0,0,0,0,0,L0 R0
240.768,0,0,0,0,0,0,L0 R0
242.3842,0,0,0,0,0,0,L0 R0
244.0004,0,0,0,0,0,0,L0 R0
245.6166,0,0,0,0,0,0,L0 R0
247.2328,0,0,0,0,0,0,L0 R0
248.849,0,0,0,0,0,0,L0 R0
250.4651,0,0,0,0,0,0,L0 R0
252.0813,0,0,0,0,0,0,L0 R0
253.6975,0,0,0,0,0,0,L0 R0
255.3137,0,0,0,0,0,0,L0 R0
256.9299,0,0,0,0,0,0,L0 R0
258.5461,0,0,0,0,0,0,L0 R0
260.1622,0,0,0,0,0,0,L0 R0
261.7784,0,0,0,0,0,0,L0 R0
263.3946,0,0,0,0,0,0,L0 R0
265.0108,0,0,0,0,0,0,L0 R0
266.627,0,0,0,0,0,0,L0 R0
268.2432,0,0,0,0,0,0,L0 R0
269.8594,0,0,0,0,0,0,L0 R0
271.4755,0,0,0,0,0,0,L0 R0
273.0917,0,0,0,0,0,0,L0 R0
274.7079,0,0,0,0,0,0,L0 R0
276.3241,0,0,0,0,0,0,L0 R0
277.9403,0,0,0,0,0,0,L0 R0
279.5565,0,0,0,0,0,0,L0 R0
281.1727,0,0,0,0,0,0,L0 R0
282.7888,0,0,0,0,0,0,L0 R0
284.4051,0,0,0,0,0,0,L0 R0
286.0212,0,0,0,0,0,0,L0 R0
287.6374,0,0,0,0,0,0,L0 R0
289.2536,0,0,0,0,0,0,L0 R0
290.8698,0,0,0,0,0,0,L0 R0
292.486,0,0,0,0,0,0,L0 R0
294.1022,0,0,0,0,0,0,L0 R0
295.7184,0,0,0,0,0,0,L0 R0
297.3345,0,0,0,0,0,0,L0 R0
298.9507,0,0,0,0,0,0,L0 R0
300.567,0,0,0,0,0,0,L0 R0
302.1832,0,0,0,0,0,0,L0 R0
303.7993,0,0,0,0,0,0,L0 R0
305.4155,0,0,0,0,0,0,L0 R0
307.0317,0,0,0,0,0,0,L0 R0
308.6479,0,0,0,0,0,0,L0 R0
310.2641,0,0,0,0,0,0,L0 R0
311.8803,0,0,0,0,0,0,L0 R0
313.4965,0,0,0,0,0,0,L0 R0
315.1127,0,0,0,0,0,0,L0 R0
316.7289,0,0,0,0,0,0,L0 R0
318.3451,0,0,0,0,0,0,L0 R0
319.9613,0,0,0,0,0,0,L0 R0
321.5775,0,0,0,0,0,0,L0 R0
323.1937,0,0,0,0,0,0,L0 R0
324.8099,0,0,0,0,0,0,L0 R0
326.426,0,0,0,0,0,0,L0 R0
328.0422,0,0,0,0,0,0,L0 R0
329.6584,0,0,0,0,0,0,L0 R0
331.2746,0,0,0,0,0,0,L0 R0
332.8909,0,0,0,0,0,0,L0 R0
334.507,0,0,0,0,0,0,L0 R0
336.1232,0,0,0,0,0,0,L0 R0
337.7394,0,0,0,0,0,0,L0 R0
339.3556,0,0,0,0,0,0,L0 R0
340.9718,0,0,0,0,0,0,L0 R0
342.588,0,0,0,0,0,0,L0 R0
344.2041,0,0,0,0,0,0,L0 R0
345.8203,0,0,0,0,0,0,L0 R0
347.4365,0,0,0,0,0,0,L0 R0
349.0528,0,0,0,0,0,0,L0 R0
350.669,0,0,0,0,0,0,L0 R0
352.2852,0,0,0,0,0,0,L0 R0
353.9013,0,0,0,0,0,0,L0 R0
355.5175,0,0,0,0,0,0,L0 R0
357.1337,0,0,0,0,0,0,L0 R0
358.7499,0,0,0,0,0,0,L0 R0
360.3661,0,0,0,0,0,0,L0 R0
361.9823,0,0,0,0,0,0,L0 R0
363.5985,0,0,0,0,0,0,L0 R0
365.2147,0,0,0,0,0,0,L0 R0
366.8309,0,0,0,0,0,0,L0 R0
368.4471,0,0,0,0,0,0,L0 R0
370.0633,0,0,0,0,0,0,L0 R0
371.6795,0,0,0,0,0,0,L0 R0
373.2957,0,0,0,0,0,0,L0 R0
374.9119,0,0,0,0,0,0,L0 R0
376.5281,0,0,0,0,0,0,L0 R0
378.1443,0,0,0,0,0,0,L0 R0
379.7605,0,0,0,0,0,0,L0 R0
381.3767,0,0,0,0,0,0,L0 R0
382.9929,0,0,0,0,0,0,L0 R0
384.6115,0,0,0,0,0,0,L0 R0
386.2253,0,0,0,0,0,0,L0 R0
387.8415,0,0,0,0,0,0,L0 R0
389.4577,0,0,0,0,0,0,L0 R0
391.0778,0,0,0,0,0,0,L0 R0
392.6901,0,0,0,0,0,0,L0 R0
394.3063,0,0,0,0,0,0,L0 R0
395.9226,0,0,0,0,0,0,L0 R0
397.5387,0,0,0,0,0,0,L0 R0
397.569,0,0,0,0,0,0,L0 R0
397.5979,0,0,0,0,0,0,L0 R0
397.6505,0,0,0,0,0,0,L0 R0
397.7002,0,0,0,0,0,0,L0 R0
397.7499,0,0,0,0,0,0,L0 R0
397.8006,0,0,0,0,0,0,L0 R0
397.8511,0,0,0,0,0,0,L0 R0
397.9012,0,0,0,0,0,0,L0 R0
397.9516,0,0,0,0,0,0,L0 R0
398.0008,0,0,0,0,0,0,L0 R0
398.0512,0,0,0,0,0,0,L0 R0
398.1014,0,0,0,0,0,0,L0 R0
398.1519,0,0,0,0,0,0,L0 R0
398.2025,0,0,0,0,0,0,L0 R0
398.2523,0,0,0,0,0,0,L0 R0
398.3022,0,0,0,0,0,0,L0 R0
398.352,0,0,0,0,0,0,L0 R0
398.4059,0,0,0,0,0,0,L0 R0
398.4516,0,0,0,0,0,0,L0 R0
398.5016,0,0,0,0,0,0,L0 R0
398.5518,0,0,0,0,0,0,L0 R0
398.6012,0,0,0,0,0,0,L0 R0
398.6527,0,0,0,0,0,0,L0 R0
398.7023,0,0,0,0,0,0,L0 R0
398.7521,0,0,0,0,0,0,L0 R0
398.8041,0,0,0,0,0,0,L0 R0
398.8531,0,0,0,0,0,0,L0 R0
398.9038,0,0,0,0,0,0,L0 R0
398.9543,0,0,0,0,0,0,L0 R0
399.0038,0,0,0,0,0,0,L0 R0
399.054,0,0,0,0,0,0,L0 R0
399.1039,0,0,0,0,0,0,L0 R0
399.1536,0,0,0,0,0,0,L0 R0
399.2039,0,0,0,0,0,0,L0 R0
399.2545,0,0,0,0,0,0,L0 R0
399.3049,0,0,0,0,0,0,L0 R0
399.3553,0,0,0,0,0,0,L0 R0
399.4051,0,0,0,0,0,0,L0 R0
399.4549,0,0,0,0,0,0,L0 R0
399.5054,0,0,0,0,0,0,L0 R0
399.5555,0,0,0,0,0,0,L0 R0
399.6047,0,0,0,0,0,0,L0 R0
399.6551,0,0,0,0,0,0,L0 R0
399.7052,0,0,0,0,0,0,L0 R0
399.7546,0,0,0,0,0,0,L0 R0
399.8054,0,0,0,0,0,0,L0 R0
399.8549,0,0,0,0,0,0,L0 R0
399.905,0,0,0,0,0,0,L0 R0
399.9554,0,0,0,0,0,0,L0 R0
400.0066,0,0,0,0,0,0,L0 R0
400.0565,0,0,0,0,0,0,L0 R0
400.1064,0,0,0,0,0,0,L0 R0
400.157,0,0,0,0,0,0,L0 R0
400.2074,0,0,0,0,0,0,L0 R0
400.2565,0,0,0,0,0,0,L0 R0
400.3074,0,0,0,0,0,0,L0 R0
400.3566,0,0,0,0,0,0,L0 R0
400.4076,0,0,0,0,0,0,L0 R0
400.4585,0,0,0,0,0,0,L0 R0
400.5094,0,0,0,0,0,0,L0 R0
400.559,0,0,0,0,0,0,L0 R0
400.6096,0,0,0,0,0,0,L0 R0
400.6598,0,0,0,0,0,0,L0 R0
400.7102,0,0,0,0,0,0,L0 R0
400.7622,0,0,0,0,0,0,L0 R0
400.8134,0,0,0,0,0,0,L0 R0
400.8629,0,0,0,0,0,0,L0 R0
400.9131,0,0,0,0,0,0,L0 R0
400.9634,0,0,0,0,0,0,L0 R0
401.0143,0,0,0,0,0,0,L0 R0
401.0644,0,0,0,0,0,0,L0 R0
401.1136,0,0,0,0,0,0,L0 R0
401.1636,0,0,0,0,0,0,L0 R0
401.2138,0,0,0,0,0,0,L0 R0
401.2642,0,0,0,0,0,0,L0 R0
401.3145,0,0,0,0,0,0,L0 R0
401.3644,0,0,0,0,0,0,L0 R0
401.4192,0,0,0,0,0,0,L0 R0
401.473,0,0,0,0,0,0,L0 R0
401.5232,0,0,0,0,0,0,L0 R0
401.5736,0,0,0,0,0,0,L0 R0
401.6227,0,0,0,0,0,0,L0 R0
401.6729,0,0,0,0,0,0,L0 R0
401.723,0,0,0,0,0,0,L0 R0
401.7747,0,0,0,0,0,0,L0 R0
401.8232,0,0,0,0,0,0,L0 R0
401.8733,0,0,0,0,0,0,L0 R0
401.9237,0,0,0,0,0,0,L0 R0
401.9742,0,0,0,0,0,0,L0 R0
402.0238,0,0,0,0,0,0,L0 R0
402.0738,0,0,0,0,0,0,L0 R0
402.1243,0,0,0,0,0,0,L0 R0
402.1743,0,0,0,0,0,0,L0 R0
402.2253,0,0,0,0,0,0,L0 R0
402.2763,0,0,0,0,0,0,L0 R0
402.3275,0,0,0,0,0,0,L0 R0
402.3779,0,0,0,0,0,0,L0 R0
402.4325,0,0,0,0,0,0,L0 R0
402.4795,0,0,0,0,0,0,L0 R0
402.5296,0,0,0,0,0,0,L0 R0
402.5799,0,0,0,0,0,0,L0 R0
402.63,0,0,0,0,0,0,L0 R0
402.6805,0,0,0,0,0,0,L0 R0
402.7313,0,0,0,0,0,0,L0 R0
402.7807,0,0,0,0,0,0,L0 R0
402.8308,0,0,0,0,0,0,L0 R0
402.8814,0,0,0,0,0,0,L0 R0
402.9324,0,0,0,0,0,0,L0 R0
402.9838,0,0,0,0,0,0,L0 R0
403.0339,0,0,0,0,0,0,L0 R0
403.084,0,0,0,0,0,0,L0 R0
403.134,0,0,0,0,0,0,L0 R0
403.1845,0,0,0,0,0,0,L0 R0
403.2346,0,0,0,0,0,0,L0 R0
403.2847,0,0,0,0,0,0,L0 R0
403.3354,0,0,0,0,0,0,L0 R0
403.3879,0,0,0,0,0,0,L0 R0
403.437,0,0,0,0,0,0,L0 R0
403.4866,0,0,0,0,0,0,L0 R0
403.5398,0,0,0,0,0,0,L0 R0
403.5946,0,0,0,0,0,0,L0 R0
403.6467,0,0,0,0,0,0,L0 R0
403.6966,0,0,0,0,0,0,L0 R0
403.7475,0,0,0,0,0,0,L0 R0
403.7917,0,0,0,0,0,0,L0 R0
403.8388,0,0,0,0,0,0,L0 R0
403.8885,0,0,0,0,0,0,L0 R0
403.9389,0,0,0,0,0,0,L0 R0
403.9892,0,0,0,0,0,0,L0 R0
404.0383,0,0,0,0,0,0,L0 R0
404.1008,0,0,0,0,0,0,L0 R0
404.1536,0,0,0,0,0,0,L0 R0
404.204,0,0,0,0,0,0,L0 R0
404.254,0,0,0,0,0,0,L0 R0
404.2978,0,0,0,0,0,0,L0 R0
404.3475,0,0,0,0,0,0,L0 R0
404.3979,0,0,0,0,0,0,L0 R0
404.4475,0,0,0,0,0,0,L0 R0
404.4978,0,0,0,0,0,0,L0 R0
404.548,0,0,0,0,0,0,L0 R0
404.5982,0,0,0,0,0,0,L0 R0
404.6484,0,0,0,0,0,0,L0 R0
404.6984,0,0,0,0,0,0,L0 R0
404.7493,0,0,0,0,0,0,L0 R0
404.8002,0,0,0,0,0,0,L0 R0
404.8501,0,0,0,0,0,0,L0 R0
404.9002,0,0,0,0,0,0,L0 R0
404.9499,0,0,0,0,0,0,L0 R0
404.9995,0,0,0,0,0,0,L0 R0
405.0496,0,0,0,0,0,0,L0 R0
405.0998,0,0,0,0,0,0,L0 R0
405.15,0,0,0,0,0,0,L0 R0
405.1994,0,0,0,0,0,0,L0 R0
405.2495,0,0,0,0,0,0,L0 R0
405.2996,0,0,0,0,0,0,L0 R0
405.3496,0,0,0,0,0,0,L0 R0
405.3996,0,0,0,0,0,0,L0 R0
405.4496,0,0,0,0,0,0,L0 R0
405.4999,0,0,0,0,0,0,L0 R0
405.5496,0,0,0,0,0,0,L0 R0
405.6002,0,0,0,0,0,0,L0 R0
405.65,0,0,0,0,0,0,L0 R0
405.7021,0,0,0,0,0,0,L0 R0
405.7524,0,0,0,0,0,0,L0 R0
405.803,0,0,0,0,0,0,L0 R0
405.8536,0,0,0,0,0,0,L0 R0
405.9039,0,0,0,0,0,0,L0 R0
405.9506,0,0,0,0,0,0,L0 R0
406.0034,0,0,0,0,0,0,L0 R0
406.0501,0,0,0,0,0,0,L0 R0
406.0994,0,0,0,0,0,0,L0 R0
406.1502,0,0,0,0,0,0,L0 R0
406.2016,0,0,0,0,0,0,L0 R0
406.2516,0,0,0,0,0,0,L0 R0
406.3057,0,0,0,0,0,0,L0 R0
406.3511,0,0,0,0,0,0,L0 R0
406.4007,0,0,0,0,0,0,L0 R0
406.4504,0,0,0,0,0,0,L0 R0
406.5012,0,0,0,0,0,0,L0 R0
406.5504,0,0,0,0,0,0,L0 R0
406.5995,0,0,0,0,0,0,L0 R0
406.65,0,0,0,0,0,0,L0 R0
406.7001,0,0,0,0,0,0,L0 R0
406.7501,0,0,0,0,0,0,L0 R0
406.7994,0,0,0,0,0,0,L0 R0
406.8493,0,0,0,0,0,0,L0 R0
406.8996,0,0,0,0,0,0,L0 R0
406.9501,0,0,0,0,0,0,L0 R0
407.0035,0,0,0,0,0,0,L0 R0
407.0591,0,0,0,0,0,0,L0 R0
407.1065,0,0,0,0,0,0,L0 R0
407.1563,0,0,0,0,0,0,L0 R0
407.2064,0,0,0,0,0,0,L0 R0
407.2564,0,0,0,0,0,0,L0 R0
407.3071,0,0,0,0,0,0,L0 R0
407.3566,0,0,0,0,0,0,L0 R0
407.4116,0,0,0,0,0,0,L0 R0
407.4671,0,0,0,0,0,0,L0 R0
407.5124,0,0,0,0,0,0,L0 R0
407.5616,0,0,0,0,0,0,L0 R0
407.6114,0,0,0,0,0,0,L0 R0
407.6623,0,0,0,0,0,0,L0 R0
407.7118,0,0,0,0,0,0,L0 R0
407.7621,0,0,0,0,0,0,L0 R0
407.8119,0,0,0,0,0,0,L0 R0
407.8621,0,0,0,0,0,0,L0 R0
408.6012,0,0,0,0,0,0,L0 R0
411.1396,0,0,0,0,0,0,L0 R0
413.8767,0,0,0,0,0,0,L0 R0
416.4082,0,0,0,0,0,0,L0 R0
418.4419,0,0,0,0,0,0,L0 R0
420.468,0,0,0,0,0,0,L0 R0
